carlesii_D1_BP_001	TCCGGAGCGC
macrocephalum_D2_WC_284	CTAACACGGC
amplificatum_D3_SAN_156003	AGCTTCGATT
hanceanum_D4_PWS_2195	TCGCCGCAAT
hanceanum_D5_PWS_2196	TCAGTTCCGG
opulus_D6_WC_250	CGGAAGTGAG
sulc_acut_hyb_D7_MEX_001	GTTGCTAGAC
sulc_acut_hyb_D8_MEX_002	AATAGATTCA
sulcatum_D9_MEX_003	AGCTGATACA
sulcatum_D10_MEX_004	ATCAGTAGAA
acutifolium_D11_MEX_005	TCGTCTTAGT
jamesonii_D12_PWS_1636	GCTCAGCCAG
triphyllum_D13_PWS_1783	CGGCTACTTC
lantanoides_D14_Beartown_1	CAAGCCGGTT
lantanoides_D15_Beartown_2	TTGCGCAAGC
lantanoides_D16_Mohawk_2	TACGATGGAG
lantanoides_D_17_Mohawk_3	GCAATATACA
sympodiale_D18_KFC_1932	AAGAATTCGG
punctatum_D19_PWS_2097	TCGGCAGTCG
sambucina_D20_PWS_2100	AGTTCCATTG
vernicosum_D21_PWS_2123	TTCTTGCGCT
henryi_D22_WC_272	AGCAATCTAA
erosum_D23_MJDJP_4	GAATTGTCGC
foetidum_D24_KFC_1942	CTTCGACATA
integrifolium_D25_KFC_1946	GAGATATGGT
japonicum_D26_WC_273	CTCCTTGGAG
taiwanianum_TW1_KFC_1952	GTGTCTCTTG
muhalla_D28_WC_274	TGCAGTTATC
parvifolium_D29_KFC_1953	TTCTGGAATA
tashiori_D30_TET_YAH	ACGCAACACA
wrightii_D31_MJDJP_1	ACTGCCTCAA
davidii_D32_WC_269	ACATCAATAT
tinus_D33_WC_277	CCTCTTATCA
glaberrimum_D34_PWS_2323	TATCGTTAGT
lutescens_D35_PWS_2077	TAGTGCGGTC
plicatum_C1_MJDJP_12	GGCCGGTAAC
nervosum_C2_PWS_2288_2289	AGGAACCTCG
luzonicum_D27_9M_2005	TTATCCGTAG
nervosum_C4_PWS_2298	CGCTATACGG
suspensum_C5_MJD_111711	CACGCAACGA
anamensis_C6_PWS_2094	TGTCCTAGGA
formosanum_C7_JH_2007	ATCCGTCTAC
luzonicum_C8_KFC_1947	GGACTCACGG
cylindricum_DRY1_WC_268	GCGTCCTGCC
orientale_DRY2_MJD_GEORGIA	ACTTGACCGG
acutifolium_DRY3_MEX_006	AATGGTGACT
propinquum_DRY4_WC_276	CTAACAGTAT
clemensiae_DRY6_PWS_2135	TCATAGGCTA
rufidulum_AA_21418A	GCTGCACGGT
cinnamomifolium_PWS2105	GCCGCAATGC
prunifolium_AA_22586A	CGCTTCTCTG
urceolatum_MJD_Japan_8	CTCATTAACC
opulus_AA_labeld_trilobum_1097_60A	TTGATGGTGC
recognitum_AA_1471_83B	CAACATGAAG
sieboldii_AA_616_6B	ATGAAGGCAG
dentatum_AA_5070_1A	GATGGACTAA
farreri_RCW21	GCATGGAGGT
erubescens_RCW36	GTATATCCAC
grandiflorum_ERAD11_Wendy	CGTACCTTGC
acerfolium_ELS88	TATCGCGGAG
furcatum_combined	CATGCATACT
odoratissimum_combined	TCACTGAGAA
bitchuense_combined	ATCCATAAGA
sempervirens_combined	CTGTTAGATT
coriaceum_combined	TAACTGGTAC
beccarii_combined	GCCGGTGATT
propiinquum_combined	AGACGAATAG
veitchii	GGTCATTGTA
lantan_combined	CGGTCGTTAC
betulifolium	GACGGACAGG
rhytidophyllum	ATTGCCACCG
setigerum	CAGAACCAGC
sargentii_RCW19	GCTGTGCAGA
foetens_ERAD10	AAGACCAATC
cassinoides_ELS2	CGCGCGGCTG
cassinoides_ELS79	GCATGAGGCG
cassinoides_ELS3	TGACGGTGAT
cassinoides_LS54	CTTACCGGAG
cassinoides_ELS29	ACACACATCA
cassinoides_ELS50	TGTTGTCCGC
cassinoides_ELS77	ATCCGCGACG
dentatum_ELS27	AAGTCGAGTA
dentatum_ELS82	CCAATCAAGA
dentatum_ELS4	TGAGCCAGCT
dentatum_ELS52	TCTAGAGAAG
dentatum_ELS72	GCCGAGGTGA
dentatum_ELS15	GGTGAGTCGG
rufidulum_ELS1	CTTATTCTAC
rufidulum_ELS25	CAAGAGACGT
rufidulum_ELS17	GCACGTCTCC
prunifolium_ELS57	GTGCTCTCTA
prunifolium_ELS46	GCGTCAGATG
lentago_ELS73	AATGAATCAG
lentago_ELS85	ATTAGGAGGC
cassinoides_YU08	TTCTTCAGAC
FGXCONTROL	CGCACTTGAT
